<?xml version="1.0" encoding="ISO-8859-1"?>
<xsl:stylesheet version="1.0" xmlns:xsl="http://www.w3.org/1999/XSL/Transform">
	<xsl:output method="html" encoding="ISO-8859-1" omit-xml-declaration="yes" media-type="text/html"/>
	<xsl:template match="/">
	<xsl:param name="compra">Compra</xsl:param>
	<xsl:param name="venta">Venta</xsl:param>

	  <table summary="" cellspacing="0" cellpadding="4" id="tipocambio_table">
		<tr>
		  <td colspan="2"><strong>Moneda</strong></td>
		  <td class="width39"><strong>Cambio</strong></td>
		</tr>

		<xsl:for-each select="xml/Actual_Todos">
			<xsl:choose>
				<xsl:when test="@ID = 1">
					<tr>
						<td class="width50">$US <xsl:value-of select="$compra"/></td>
						<td class="width11"/>
						<td align="right"><span class="tipocambio_currency"><xsl:value-of select="@Valor"/></span></td>
					</tr>
				</xsl:when>
				<xsl:when test="@ID = 2">
					<tr>
						<td class="width50">$US <xsl:value-of select="$venta"/></td>
						<td class="width11"/>
						<td align="right"><span class="tipocambio_currency"><xsl:value-of select="@Valor"/></span></td>
					</tr>
				</xsl:when>
				<xsl:when test="@ID = 3">
					<tr>
						<td class="width50">&#8364; <xsl:value-of select="$compra"/> / $</td>
						<td class="width11"/>
						<td align="right"><span class="tipocambio_currency"><xsl:value-of select="@Valor"/></span></td>
					</tr>
				</xsl:when>
				<xsl:when test="@ID = 4">
					<tr>
						<td class="width50">&#8364; <xsl:value-of select="$venta"/> / $</td>
						<td class="width11"/>
						<td align="right"><span class="tipocambio_currency"><xsl:value-of select="@Valor"/></span></td>
					</tr>
				</xsl:when>
			</xsl:choose>
		</xsl:for-each>
	</table>
	</xsl:template>
</xsl:stylesheet>